videoId,title,keyword
ukzFI9rgwfU,Machine Learning Basics | What Is Machine Learning? | Introduction To Machine Learning | Simplilearn,machine learning
5q87K1WaoFI,Computer Scientist Explains Machine Learning in 5 Levels of Difficulty | WIRED,machine learning
7eh4d6sabA0,Python Machine Learning Tutorial (Data Science),machine learning
GwIo3gDZCVQ,Machine Learning Full Course - Learn Machine Learning 10 Hours | Machine Learning Tutorial | Edureka,machine learning
z-EtmaFJieY,Machine Learning &amp; Artificial Intelligence: Crash Course Computer Science #34,machine learning
aircAruvnKk,"But what is a neural network? | Chapter 1, Deep learning",machine learning
h0e2HAPTGF4,11. Introduction to Machine Learning,machine learning
NWONeJKn6kc,Machine Learning Course for Beginners,machine learning
HcqpanDadyQ,What is Machine Learning?,machine learning
nKW8Ndu7Mjw,The 7 steps of machine learning,machine learning
KNAWp2S3w94,Intro to Machine Learning (ML Zero to Hero - Part 1),machine learning
I74ymkoNTnw,üñ•Ô∏è HOW TO GET STARTED WITH MACHINE LEARNING!,machine learning
yN7ypxC7838,All Machine Learning Models Explained in 5 Minutes | Types of ML Models Basics,machine learning
R9OHn5ZF4Uo,How Machines Learn,machine learning
f_uwKZIAeM0,What is Machine Learning?,machine learning
EuBBz3bI-aA,Machine Learning Fundamentals: Bias and Variance,machine learning
9gGnTQTYNaE,What is Machine Learning?,machine learning
eq7KF7JTinU,Machine Learning With Python Full Course In 9 Hours | Machine Learning Tutorial | Simplilearn,machine learning
pHiMN_gy9mk,2020 Machine Learning Roadmap (still valid for 2021),machine learning
nl7kDPYD20A,How to Get Started with Machine Learning &amp; AI,machine learning
ZJixNvx9BAc,Machine Learning: Living in the Age of AI | A WIRED Film,machine learning
opb2Bq4Qvyo,What Does A Machine Learning Engineer At Amazon Do?,machine learning
qv6UVOQ0F44,MarI/O - Machine Learning for Video Games,machine learning
6M5VXKLf4D4,Deep Learning In 5 Minutes | What Is Deep Learning? | Deep Learning Explained Simply | Simplilearn,machine learning
hjh1ikznScg,Machine Learning Basics | What Is Machine Learning? | Introduction To Machine Learning | Edureka,machine learning
lsf060bLH_Y,What is Machine Learning?,machine learning
VwVg9jCtqaU,Machine Learning Zero to Hero (Google I/O&#39;19),machine learning
7ClLKBUvmRk,Todos podemos aprender Machine learning,machine learning
PeMlggyqz0Y,Machine Learning Explained in 100 Seconds,machine learning
kAIdSThbKnE,Machine Learning PREREQuisites | what to learn first,machine learning
reY50t2hbuM,Why You Should NOT Learn Machine Learning!,machine learning
3bJ7RChxMWQ,Machine Learning Explained in 5 Minutes,machine learning
O5xeyoRL95U,Deep Learning Basics: Introduction and Overview,machine learning
8jazNUpO3lQ,Machine Learning Tutorial Python - 2: Linear Regression Single Variable,machine learning
pqNCD_5r0IU,Scikit-Learn Course - Machine Learning in Python Tutorial,machine learning
jGwO_UgTS7I,Lecture 1 - Stanford CS229: Machine Learning - Andrew Ng (Autumn 2018),machine learning
IpGxLWOIZy4,A Friendly Introduction to Machine Learning,machine learning
qDbpYUbf3e0,Machine Learning Methods - Computerphile,machine learning
IUn8k5zSI6g,Unsupervised Machine Learning: Crash Course Statistics #37,machine learning
cyLWtMSry58,Don&#39;t learn machine learning,machine learning
Aut32pR5PQA,Deep Learning Cars,machine learning
yB6ojQYWYW4,Cloudera Machine Learning Overview,machine learning
0MNVhXEX9to,Reinforcement Learning: Machine Learning Meets Control Theory,machine learning
rLOyrWV8gmA,Machine Learning From Scratch In Python - Full Course With 12 Algorithms (5 HOURS),machine learning
RnFGwxJwx-0,Machine Learning with Python | Machine Learning Tutorial for Beginners | Machine Learning Tutorial,machine learning
ALQ_RNSRE40,How Machine Learning is Fighting Cancer,machine learning
OeU5m6vRyCk,AI: What is Machine Learning?,machine learning
bn8rVBuIcFg,Introduction to Forecasting in Machine Learning and Deep Learning,machine learning
1vsmaEfbnoE,Detailed Roadmap for Machine Learning | Free Study Resources | Simply Explained,machine learning
8e3OT2K99Kw,Machine Learning for Fluid Mechanics,machine learning
bn8rVBuIcFg,Introduction to Forecasting in Machine Learning and Deep Learning,machine learning
aemuud28Mn0,Get Started with Machine Learning - No PhD Required - AWS Online Tech Talks,machine learning
8e3OT2K99Kw,Machine Learning for Fluid Mechanics,machine learning
cfj6yaYE86U,Machine Learning - Supervised VS Unsupervised Learning,machine learning
0VH1Lim8gL8,Deep Learning State of the Art (2020),machine learning
-SgkLEuhfbg,Introduction to Deep Learning: Machine Learning vs. Deep Learning,machine learning
Pj0neYUp9Tc,What is Machine Learning? | Machine Learning Basics | Machine Learning Tutorial | Edureka,machine learning
1vsmaEfbnoE,Detailed Roadmap for Machine Learning | Free Study Resources | Simply Explained,machine learning
lVP7ywRq8p4,Azure Machine Learning Pipelines,machine learning
KHbwOetbmbs,What is Machine Learning?,machine learning
TJlAxW-2nmI,Deep Learning - Computerphile,machine learning
T4MLrtOKPjY,Machine Learning Engineer Roadmap | Machine Learning Engineer Skills | Machine Learning Expert,machine learning
G7fPB4OHkys,Machine Learning Tutorial | Machine Learning Basics | Machine Learning Algorithms | Simplilearn,machine learning
mrRfpiAwad0,7 Ways to Make Money with Machine Learning,machine learning
adrqRm4q5Ic,Geospatial Deep Learning with ArcGIS,machine learning
PjDysgCvRqY,AWS re:Invent 2020 - Machine Learning Keynote with Swami Sivasubramanian,machine learning
WSbgixdC9g8,AI vs Machine Learning vs Deep Learning | Machine Learning Training with Python | Edureka,machine learning
whlODvf-SVk,Artificial Intelligence vs Machine Learning - Gary explains,machine learning
CtX0GZpWz6M,Fundamentals of machine learning in the cloud | Machine Learning Essentials,machine learning
Q57rzaHHO0k,Deep Learning 7. Attention and Memory in Deep Learning,machine learning
Wn9cU7peOQs,How To Go From No Math to Quantum Machine Learning,machine learning
v0uVu5__JGg,Top Machine Learning Tools and Frameworks for Beginners | Machine Learning Tutorial | Edureka,machine learning
Pp90jv0ylAM,Explaining An End To End Machine Learning Project To A Interviewer,machine learning
qna5zKR5t4A,How to Become a Machine Learning Engineer,machine learning
D9-UGlvWbaA,Machine Learning in Telugu | Supervised Unsupervised Reinforced in Telugu | Artificial Intelligence,machine learning
cKxRvEZd3Mw,Hello World - Machine Learning Recipes #1,machine learning
5tvmMX8r_OM,MIT Introduction to Deep Learning | 6.S191,machine learning
VyWAvY2CF9c,Deep Learning Crash Course for Beginners,machine learning
r0Ogt-q956I,Deep Learning: A Crash Course,machine learning
ELE2_Mftqoc,Reinforcement Learning Course - Full Machine Learning Tutorial,machine learning
t4K6lney7Zw,1. Artificial Intelligence and Machine Learning,machine learning
k2P_pHQDlp0,AI VS ML VS DL VS Data Science,machine learning
8aMzR8iaB9s,AZ-900 Episode 16 | Azure Artificial Intelligence (AI) Services | Machine Learning Studio &amp; Service,machine learning
mJeNghZXtMo,What is Artificial Intelligence (or Machine Learning)?,machine learning
6tQhoUuQrOw,Predicting the Winning Team with Machine Learning,machine learning
OuPMVdski3E,Machine Learning in Hindi | Machine Learning Tutorial in Hindi | Python for Machine Learning | 2020,machine learning
0jspaMLxBig,"Andrew Ng: Deep Learning, Education, and Real-World AI | Lex Fridman Podcast #73",machine learning
TgegjLUzEHg,Google has a Machine Learning Course. It&#39;s free...,machine learning
RVMHhtTqUxc,Simple Machine Learning With JavaScript - Brain.js,machine learning
jmznx0Q1fP0,A Beginner&#39;s Guide to Machine Learning with ml5.js,machine learning
QIUxPv5PJOY,Stock Price Prediction Using Python &amp; Machine Learning,machine learning
VvTYuQPINec,Netflix Research: Machine Learning Platform,machine learning
I7NrVwm3apg,Machine Learning Algorithms | Machine Learning Tutorial | Data Science Algorithms | Simplilearn,machine learning
G9LtP9HcNHM,Program Orientation - AWS Machine Learning Engineer Scholarship Program,machine learning
mexN6d8QF9o,Signal Processing and Machine Learning,machine learning
Mdcw3Sb98DA,Introducing Lobe  |  Build your first machine learning model in ten minutes.,machine learning
zpcOjNtd-70,How Machine Learning Enhances Healthcare | Marzyeh Ghassemi | TEDxUofTSalon,machine learning
mDUa5sY4Jeo,RTX 3090 for Machine Learning and Object Detection?,machine learning
Up6KLx3m2ww,Machine Learning Algorithms | Machine Learning Tutorial | Data Science Training | Edureka,machine learning
pWzlL51oqRo,"How to Choose an NVIDIA GPU for Deep Learning in 2021: Quadro, Ampere, GeForce Compared",machine learning
w-8MTXT_N6A,Deep Learning Vs Machine Learning | AI Vs Machine Learning Vs Deep Learning,machine learning
CDewPfLV4Tc,Ensemble Learning Tutorial | Ensemble Techniques | Machine Learning Training | Edureka,machine learning
BR9h47Jtqyw,A friendly introduction to Deep Learning and Neural Networks,machine learning
4wneZDEB3VA,Predictive Maintenance &amp; Monitoring using Machine Learning: Demo &amp; Case study (Cloud Next &#39;18),machine learning
iTXU9Z0NYoU,Making music using new sounds generated with machine learning,machine learning
WSW-5m8lRMs,A.I. Learns to play Flappy Bird,machine learning
GBDSBInvz08,Get Started with Azure Machine Learning,machine learning
12Ry6kGPQVs,Netflix Machine Learning Mock Interview: Type-ahead Search,machine learning
v4UxHiquh8Q,Introduction to Machine Learning With R - Welcome,machine learning
oJNHXPs0XDk,Neural Network Architectures &amp; Deep Learning,machine learning
84gqSbLcBFE,Let‚Äôs Write a Pipeline - Machine Learning Recipes #4,machine learning
fB7nyxXaczY,Interview With My Brother Who Sold His Startup For $60 Million | Machine Learning Engineer,machine learning
8_4YCEvyUr4,Using Machine Learning in Process Manufacturing,machine learning
I8m4kZIeHJ4,Automated Machine Learning on Azure,machine learning
mlxoB3wI9eY,Complete Roadmap for Machine Learning || Noob to Advanced || ML 2020,machine learning
Ta14KpeZJok,Machine Learning Engineering for Production (MLOps),machine learning
x6f5JOPhci0,"How optimization for machine learning works, part 1",machine learning
6uE4nfFgc5Q,Complete Roadmap To Learn Machine Learning (PDF Included),machine learning
59bMh59JQDo,Machine Learning and Human Bias,machine learning
PhU-fkRiW4k,Using machine learning and AI in AppSheet,machine learning
ZX2Hyu5WoFg,üñ•Ô∏è WRITING MY FIRST MACHINE LEARNING GAME! (1/4),machine learning
-DEL6SVRPw0,Machine Learning In 5 Minutes | Machine Learning Introduction |What Is Machine Learning |Simplilearn,machine learning
IHZwWFHWa-w,"Gradient descent, how neural networks learn | Chapter 2, Deep learning",machine learning
R0vC31OXt-g,"Build, Train and Deploy Machine Learning Models on AWS with Amazon SageMaker - AWS Online Tech Talks",machine learning
oQDeVVTzVPA,Makine √ñƒürenmesi (Machine Learning) Hakkƒ±nda,machine learning
hSSmmlridUM,Machine intelligence makes human morals more important | Zeynep Tufekci,machine learning
HXIjoBC1JMo,Overview of AWS Machine Learning Infrastructure,machine learning
mnhrQxdzHqE,All the maths you need for machine learning for FREE!,machine learning
XBSvp43EQhA,Machine Learning Crash Course With ML.NET,machine learning
_RPHiqF2bSs,Live Coding A Machine Learning Model from Scratch (Google I/O&#39;19),machine learning
FgzM3zpZ55o,Stanford CS234: Reinforcement Learning | Winter 2019 | Lecture 1 - Introduction,machine learning
i0mTZCtXXYQ,Top 5 Channels to Learn Machine Learning | Best Machine Learning Youtube Channels | Well Academy,machine learning
1L0TKZQcUtA,MIT 6.S094: Introduction to Deep Learning and Self-Driving Cars,machine learning
qsH2ItlSqnU,Intro to Machine Learning Lesson 1: How Models Work | Kaggle,machine learning
dY57qnD_O7U,Machine learning breakthrough: Robot runs a 5k,machine learning
DI0bdMVphv8,How to study Machine Learning (for Beginners) | Get a FAANG ML Job | Kalpit Veerwal,machine learning
Gv9_4yMHFhI,A Gentle Introduction to Machine Learning,machine learning
A4OVjWeVb10,Best Machine Learning Courses on Coursera,machine learning
Zn8_kRxztE0,"Machine Learning Regression with Stata, a Demonstration with Dr. Cerulli",machine learning
5cFUZ03Sbhc,Why Machine Learning is The Future? | Sundar Pichai Talks About Machine Learning,machine learning
6Kska20zQO4,BigQuery ML: Machine Learning with Standard SQL,machine learning
DQWI1kvmwRg,Machine Learning A Cappella - Overfitting Thriller!,machine learning
JgvyzIkgxF0,An introduction to Reinforcement Learning,machine learning
iahQOQZVdog,"Building a $5,000 Machine Learning Workstation with a NVIDIA TITAN RTX and RYZEN ThreadRipper",machine learning
2XCpOuiy_e4,Machine Learning and AI explained in Sinhala,machine learning
klHIvdPJndw,Top 10 Machine Learning Software Tools for 2021 | EM360,machine learning
Nj2YSLPn6OY,Better Medicine Through Machine Learning | Suchi Saria | TEDxBoston,machine learning
JS4AHSlYm0I,AI 101: What is Machine Learning? | Accenture,machine learning
WNvOtwP_yf4,Making Friends with Machine Learning: Regression,machine learning
6cg5ERPQ2v8,Deploy Machine Learning Model using Amazon SageMaker | How to Deploy ML Models on AWS | Edureka,machine learning
mxRurvC-mds,"Machine Learning, Modeling, and Simulation: Engineering Problem-Solving in the Age of AI",machine learning
93M1l_nrhpQ,MIT 6.S191: Reinforcement Learning,machine learning
9i8yJDpEKhQ,How to execute Azure Machine Learning service pipelines in Azure Data Factory | Azure Friday,machine learning
wJVgh5knV4E,"Machine Learning Forecasting with Elasticsearch, Elastic Stack (ELK Stack)",machine learning
h4Ml9WuhxAk,Machine Learning Interview Questions | Machine Learning Interview Preparation | Intellipaat,machine learning
xr5LeWKbVnY,What Is Machine Learning and How Does It Work? | Machine Learning Explained,machine learning
GxBG4wUWf4w,Machine Learning for audio classification,machine learning
X7GR4ANn45s,What is Azure Machine Learning service and how data scientists use it,machine learning
-0WQnwNFqJM,AI learns to Speedrun QWOP using Machine Learning,machine learning
EIJecEBETso,Data Science VS Machine Learning: Which One To Pick For 2021-2022!,machine learning
iyxqcS1u5go,Mathematics For Machine Learning | Essential Mathematics - Machine Learning Tutorial | Simplilearn,machine learning
Y3INzc4EH60,Machine Learning on the M1 Macbook Pro?,machine learning
TgekTwrftcg,Introduction to Embedded Machine Learning on Coursera,machine learning
nNHSlpJMOJs,Azure Machine Learning Tutorial | Azure Tutorial | Azure Training | Edureka,machine learning
5bHpPQ6_OU4,Feature Selection In Machine Learning | Feature Selection Techniques With Examples | Simplilearn,machine learning
cE-Ej1ycXtk,What is Machine Learning With Full Information? ‚Äì [Hindi] ‚Äì Quick Support,machine learning
vG2oyXECG-8,The Role of Deep Learning  in Communication Systems,machine learning
q7bKMHdxtPU,The Difference Between A.I. and Machine Learning and Deep Learning,machine learning
TJveOYsK6MY,Classification and Regression in Machine Learning,machine learning
ihd9zrW6DOk,The Difference Between Artificial Intelligence and Machine Learning,machine learning
VKnoyiNxflk,Machine Learning For Medical Image Analysis - How It Works,machine learning
T18rp49owgM,Python Machine Learning - Class 5 |  Data Exploration - Data Cleaning | Machine Learning | Edureka,machine learning
8onB7rPG4Pk,Mathematics of Machine Learning,machine learning
xDMzOUUnNzw,Machine Learning for Drug Discovery (Explained in 2 minutes),machine learning
qFJeN9V1ZsI,Keras with TensorFlow Course - Python Deep Learning and Neural Networks for Beginners Tutorial,machine learning
Nol1hVtLOSg,Gradient Boosting In Depth Intuition- Part 1 Machine Learning,machine learning
nIgIv4IfJ6s,Reinforcement Learning: Crash Course AI#9,machine learning
9QErWiClGjM,What‚Äôs The Difference Between Artificial Intelligence And Machine Learning,machine learning
tcusIOfI_GM,Statistics for Data Science &amp; Machine Learning,machine learning
AU_hBML2H1c,Machine Learning - Dimensionality Reduction - Feature Extraction &amp; Selection,machine learning
TF1yh5PKaqI,Getting Started with Weka - Machine Learning Recipes #10,machine learning
wqQKFu41FIw,Introduction to Machine Learning with Time Series || Markus Loning,machine learning
G6PtQis8GDo,Cheapest Deep Learning PC in 2020,machine learning
BaBIVUvJ0ek,BEST MACHINE LEARNING PROJECT IDEAS,machine learning
p5-BDRCAkMI,Introducing Firebase Machine Learning,machine learning
KytW151dpqU,¬øQu√© es el Machine Learning?¬øY Deep Learning? Un mapa conceptual | DotCSV,machine learning
HKJB0Bjo6tQ,Interpretable Deep Learning for New Physics Discovery,machine learning
o81CjXX9Hpw,Top 10 Machine Learning Trends | Machine Learning in 2020 | Machine Learning Training | Edureka,machine learning
jn-22XyKsgo,Automatic Machine Learning,machine learning
Ig1nfPjrETc,Machine Learning Tutorial: Supervised Learning,machine learning
Q59X518JZHE,Machine Learning With Python | Machine Learning Tutorial | Python Machine Learning | Simplilearn,machine learning
0B5eIE_1vpU,Scikit-learn Crash Course - Machine Learning Library for Python,machine learning
2NEu9dbM4A8,PCA In Machine Learning | Principal Component Analysis | Machine Learning Tutorial | Simplilearn,machine learning
30y9zk5COqw,Building smarter games with machine learning,machine learning
RsFrumf5Z1g,Google Just Launched a HUGE FREE Machine Learning Course #shorts,machine learning
Cr6VqTRO1v0,Learn Machine Learning in 3 Months (with curriculum),machine learning
QwVO0Xh2Hbg,JuliaCon 2020 |  Doing Scientific Machine Learning (SciML) With Julia,machine learning
EhExK4JgXvE,An Overview of AI and Machine Learning Services From AWS,machine learning
WFr2WgN9_xE,Python Machine Learning &amp; AI Mega Course - Learn 4 Different Areas of ML &amp; AI,machine learning
tMnc-hhO2jE,Q Learning In Reinforcement Learning | Q Learning Example | Machine Learning Tutorial | Simplilearn,machine learning
OuC3wgp1Fnw,How I Learnt Machine Learning In 6 Steps (3 months),machine learning
EhExK4JgXvE,An Overview of AI and Machine Learning Services From AWS,machine learning
gJ9NcxPUSPE,Is this still the best book on Machine Learning?,machine learning
olFxW7kdtP8,Types Of Machine Learning | Machine Learning Algorithms | Machine Learning Tutorial | Simplilearn,machine learning
KmQkDgu-Qp0,Deep Learning to Discover Coordinates for Dynamics: Autoencoders &amp; Physics Informed Machine Learning,machine learning
5UsJV2BNj2U,The Future of Quantum Machine Learning,machine learning
ahRcGObyEZo,Top 10 Applications of Machine Learning in 2021 | Machine Learning Application Examples | Edureka,machine learning
14sawjev1sc,ARTIFICIAL INTELLIGENCE vs MACHINE LEARNING vs DEEP LEARNING | Machine Learning with Python,machine learning
Q59X518JZHE,Machine Learning With Python | Machine Learning Tutorial | Python Machine Learning | Simplilearn,machine learning
o81CjXX9Hpw,Top 10 Machine Learning Trends | Machine Learning in 2020 | Machine Learning Training | Edureka,machine learning
23Q7HciuVyM,Nazirini‚Äôs story - using machine learning to tackle crop disease,machine learning
w-ere0D1od0,How to get machine learning jobs? | Technical Skills Required to Become a Machine Learning Engineer,machine learning
Ig1nfPjrETc,Machine Learning Tutorial: Supervised Learning,machine learning
aJXh8GWuU5I,My Strategy To Learn Machine Learning If I want to Start Fresh,machine learning
kxi-_TT_-Nc,Sergey Levine: Robotics and Machine Learning | Lex Fridman Podcast #108,machine learning
tMnc-hhO2jE,Q Learning In Reinforcement Learning | Q Learning Example | Machine Learning Tutorial | Simplilearn,machine learning
me3QEYPsFWE,ü§î 10 APPLICATIONS OF MACHINE LEARNING,machine learning
Bi7f1JSSlh8,Most Research in Deep Learning is a Total Waste of Time - Jeremy Howard | AI Podcast Clips,machine learning
zR11FLZ-O9M,MIT 6.S091: Introduction to Deep Reinforcement Learning (Deep RL),machine learning
kho6oANGu_A,"Boosting Machine Learning Tutorial | Adaptive Boosting, Gradient Boosting, XGBoost | Edureka",machine learning
E5RjzSK0fvY,Linear Regression Algorithm | Linear Regression in Python | Machine Learning Algorithm | Edureka,machine learning
RgL6YRh2oUc,How Machine Learning Enables DeepRacer&#39;s Autonomous Driving!,machine learning
0B5eIE_1vpU,Scikit-learn Crash Course - Machine Learning Library for Python,machine learning
wedUdwMcdQo,"Lirik watching Starcraft II, Diablo 4 Cinematics (Upscale with Machine Learning AI)",machine learning
HGXlFG_Rz4E,Deep Learning Interview Questions and Answers | AI &amp; Deep Learning Interview Questions | Edureka,machine learning
jn-22XyKsgo,Automatic Machine Learning,machine learning
6CwzDoE8J4M,Machine Learning Fairness: Lessons Learned (Google I/O&#39;19),machine learning
unTRt_gK7Jk,Career Gap and Now a Machine Learning Engineer At Sony,machine learning
kVU8zTI-Od0,DeepMind x UCL | Deep Learning Lectures | 5/12 |  Optimization for Machine Learning,machine learning
t6gOpFLt-Ks,Machine Learning Interview Questions and Answers | Machine Learning Interview Preparation | Edureka,machine learning
Nj2YSLPn6OY,Better Medicine Through Machine Learning | Suchi Saria | TEDxBoston,machine learning
2xATEwcRpy8,Reinforcement Learning Basics,machine learning
KzH1ovd4Ots,Stanford CS229: Machine Learning | Summer 2019 | Lecture 1 - Introduction and Linear Algebra,machine learning
LzZ5b3wdZQk,11d Machine Learning: Bayesian Linear Regression,machine learning
KNMy7NCQDgk,Risto Siilasmaa on Machine Learning,machine learning
kHlkRfThMmk,How to Become a Machine Learning Engineer | Machine Learning Roadmap 2021 | Edureka,machine learning
oV3ZY6tJiA0,Neural Networks and Deep Learning: Crash Course AI #3,machine learning
n4L5hHFcGVk,Sentiment Analysis: extracting emotion through machine learning | Andy Kim | TEDxDeerfield,machine learning
XI_nwAu5WUY,Machine learning with Apache Spark | Machine Learning Essentials,machine learning
uawLjkSI7Mo,The Rise of Artificial Intelligence through Deep Learning | Yoshua Bengio | TEDxMontreal,machine learning
l42lr8AlrHk,Deep Learning - Computerphile,machine learning
e_OlZuuCtdc,Deep Learning for Signals,machine learning
xtOg44r6dsE,Supervised vs Unsupervised vs Reinforcement Learning | Data Science Certification Training | Edureka,machine learning
OXwZtlcTiuk,Stock Market Prediction Using Machine Learning | Machine Learning Tutorial | Simplilearn,machine learning
loLEqvaQ-Wc,Math for Machine Learning by Imperial &amp; Coursera: REVIEW,machine learning
7R08MPXxiFQ,These books will help you learn machine learning,machine learning
uC3SfnbCXmw,Not What but Why: Machine Learning for Understanding Genomics | Barbara Engelhardt | TEDxBoston,machine learning
lncoLfue_Y4,Stock Prediction using Machine Learning and Python | Machine Learning Training | Edureka,machine learning
prWyZhcktn4,Confusion Matrix In Machine Learning | Confusion Matrix Explained With Example | Simplilearn,machine learning
y7k-zCvOYxc,500+ Machine Learning And Deep Learning Projects All At One Place,machine learning
Zifla4xl48Y,How to Become a Machine Learning Engineer? ‚Äì [Hindi] ‚Äì Quick Support,machine learning
oV3ZY6tJiA0,Neural Networks and Deep Learning: Crash Course AI #3,machine learning
kKYloh7_k5s,Life as an AI Researcher &amp; Machine Learning Engineer | Technology | J.P. Morgan,machine learning
5g1eXmQtl0E,What Are GANs? | Generative Adversarial Networks Explained | Deep Learning With Python | Edureka,machine learning
qDcl-FRnwSU,Decision Tree Algorithm | Decision Tree in Python | Machine Learning Algorithms | Edureka,machine learning
1VSZtNYMntM,Mathematics for Machine Learning [Full Course] | Essential Math for Machine Learning | Edureka,machine learning
9Mz84cwVmS0,Detecting cancer in real-time with machine learning,machine learning
DWsJc1xnOZo,Machine Learning Tutorial Part - 1 | Machine Learning Tutorial For Beginners  Part - 1 | Simplilearn,machine learning
gYwWolRFt98,Creating a Game with Learning AI in Unity! (Tutorial / Machine Learning),machine learning
xucm6_BQPJU,Artificial Intelligence (AI) vs Machine Learning vs Deep Learning vs Data Science,machine learning
4b4MUYve_U8,Lecture 2 - Linear Regression and Gradient Descent | Stanford CS229: Machine Learning (Autumn 2018),machine learning
fCHYgZZ5DX8,Machine Learning in Hindi | Machine Learning Tutorial | Machine Learning Full Course | Intellipaat,machine learning
YaKMeAlHgqQ,How do I select features for Machine Learning?,machine learning
rLvpY2v9hWQ,Data Scientist vs Machine Learning Engineer | DS vs ML,machine learning
UehuI1w10lg,Machine Learning full course in telugu|learn machine learning in telugu|beginners|#pythonlife,machine learning
HdlDYng8g9s,Machine Learning Tutorial Python - 16: Hyper parameter Tuning (GridSearchCV),machine learning
3fOXIbycAmc,Machine Learning for Fluid Dynamics: Patterns,machine learning
OXwZtlcTiuk,Stock Market Prediction Using Machine Learning | Machine Learning Tutorial | Simplilearn,machine learning
LzaWrmKL1Z4,Reinforcement Learning Tutorial | Reinforcement Learning Example Using Python | Edureka,machine learning
0jcovGpLA3w,Machine Learning With R Full Course | Machine Learning Tutorial For Beginners | Edureka,machine learning
VMp6pq6_QjI,AI Learns to Park - Deep Reinforcement Learning,machine learning
HBxyLnEzyhw,Kubeflow: Machine Learning on Kubernetes,machine learning
UzxYlbK2c7E,Lecture 1 | Machine Learning (Stanford),machine learning
PHxYNGo8NcI,Machine Learning Tutorial Python - 9  Decision Tree,machine learning
FDUfaYsFQrc,Machine Learning magic for your web application with TensorFlow.js (Chrome Dev Summit 2019),machine learning
UxQDG6WQT5s,Art in the age of machine intelligence | Refik Anadol,machine learning
tPYj3fFJGjk,TensorFlow 2.0 Complete Course - Python Neural Networks for Beginners Tutorial,machine learning
1FZ0A1QCMWc,Supervised vs Unsupervised vs Reinforcement Learning | Machine Learning Tutorial | Simplilearn,machine learning
y7k-zCvOYxc,500+ Machine Learning And Deep Learning Projects All At One Place,machine learning
zPFU30tbyKs,How to use Machine Learning AI in Unity! (ML-Agents),machine learning
1k37OcjH7BM,Andrew Ng: Advice on Getting Started in Deep Learning | AI Podcast Clips,machine learning
JnlM4yLFNuo,Handling imbalanced dataset in machine learning | Deep Learning Tutorial 21 (Tensorflow2.0 &amp; Python),machine learning
KfnhNlD8WZI,Machine Learning Tutorial Python - 5: Save Model Using Joblib And Pickle,machine learning
pSyIBDilPcY,How is deep learning different than machine vision?,machine learning
9f-GarcDY58,Machine Learning Full Course | Learn Machine Learning | Machine Learning Tutorial | Simplilearn,machine learning
fSytzGwwBVw,Machine Learning Fundamentals: Cross Validation,machine learning
7R08MPXxiFQ,These books will help you learn machine learning,machine learning
AgvjPPzy64I,Deep Learning for Turbulence Closure Modeling,machine learning
1h_0Da0UclQ,5 Lakh Salary ‡§µ‡§æ‡§≤‡•Ä Jobs | Highest Paid Career India? | Machine Learning | Course | Jobs after 12th!,machine learning
pMIwu5FwJ78,ML Model Deployment With Flask On Heroku | How To Deploy Machine Learning Model With Flask | Edureka,machine learning
dihfVl9voPw,How to Make Money With Machine Learning | Machine Learning | Simplilearn,machine learning
JNa4VV0d8T0,Azure Machine Learning Studio,machine learning
ujTCoH21GlA,Python Machine Learning Tutorial #1 - Introduction,machine learning
ANIw1Mz1SRI,Active (Machine) Learning - Computerphile,machine learning
32Raffrkk30,Why Apple Uses Intelligence Instead Of Machine Learning,machine learning
bfmFfD2RIcg,Neural Network In 5 Minutes | What Is A Neural Network? | How Neural Networks Work | Simplilearn,machine learning
flVKdQDfnj0,FREE RESOURCES TO LEARN MACHINE LEARNINGüî• | Learn AI/ML/DL for FREE!,machine learning
unTRt_gK7Jk,Career Gap and Now a Machine Learning Engineer At Sony,machine learning
cRtKju9rijg,Machine Learning Engineer Career Path | Perfect blend of Data Science and Software Engineering?,machine learning
05NqKJ0v7EE,Reinforcement Learning for Stock Prediction,machine learning
05NqKJ0v7EE,Reinforcement Learning for Stock Prediction,machine learning
1xw915rbyG4,How to Select the Correct Predictive Modeling Technique | Machine Learning Training | Edureka,machine learning
wQ8BIBpya2k,"Deep Learning with Python, TensorFlow, and Keras tutorial",machine learning
GQBjjWjhT4c,CSE - Artificial Intelligence &amp; Machine Learning - Best Colleges | Top Jobs | Salary Trends,machine learning
pJvG6dr1sQQ,The Role of AI and Machine Learning in Mechanical Engineering,machine learning
i9tjzr1KME0,Machine learning without code in the browser,machine learning
1XqG0kaJVHY,K Means Clustering Algorithm | K Means Example in Python | Machine Learning Algorithms | Edureka,machine learning
QizsAE4fBpQ,Artificial Intelligence Vs Machine Learning Vs Data science Vs Deep learning | Applied AI Course,machine learning
Om1SeVpBiiQ,Overfitting in Machine Learning  | Python Tutorial |  Machine Learning Tutorial | Edureka,machine learning
fv6Qll3laUU,Artificial Neural Network Tutorial | Deep Learning With Neural Networks | Edureka,machine learning
_rdINNHLYaQ,"Machine Learning: Solving Problems Big, Small, and Prickly",machine learning
JzB7yS9t1YE,Bringing AI and machine learning innovations to healthcare (Google I/O &#39;18),machine learning
oZikw5k_2FM,TensorFlow: Open source machine learning,machine learning
9KZwRBg4-P0,Build A Smart AI Chat Bot Using Python &amp; Machine Learning,machine learning
SeyghJ5cdm4,Machine Learning with R | Machine Learning Algorithms | Data Science Training | Edureka,machine learning
H6du_pfuznE,Stock Price Prediction And Forecasting Using Stacked LSTM- Deep Learning,machine learning
ajeTYqhRHno,What is Deep Learning? (in 5 Minutes) üî•üî•,machine learning
XL07WEc2TRI,Stanford Seminar - Information Theory of Deep Learning,machine learning
mGiQSXRAtj8,Machine learning in Tamil - Meme learning,machine learning
NMZN0HUd4iU,Best Laptop For Machine Learning &amp; Deep Learning |Best Laptop For Machine Learning 2020 |Simplilearn,machine learning
wedUdwMcdQo,"Lirik watching Starcraft II, Diablo 4 Cinematics (Upscale with Machine Learning AI)",machine learning
Ilg3gGewQ5U,"What is backpropagation really doing? | Chapter 3, Deep learning",machine learning
0Lt9w-BxKFQ,Scikit-Learn Tutorial | Machine Learning With Scikit-Learn | Sklearn | Python Tutorial | Simplilearn,machine learning
-boCMDouF2g,MIT 6.S191 | Deep Learning New Frontiers,machine learning
DLeG0Z3al9I,Satellite Data Analysis and Machine Learning Classification with QGIS Part 1 | AI FOR GOOD WEBINARS,machine learning
_QUEXsHfsA0,Lesson 1 - Deep Learning for Coders (2020),machine learning
DooxDIRAkPA,Deep Learning Full Course - Learn Deep Learning in 6 Hours | Deep Learning Tutorial | Edureka,machine learning
vBtxjXjr_HA,Automate document processing using AWS machine learning,machine learning
lTd9RSxS9ZE,AI Show - Deep Learning vs. Machine Learning,machine learning
uI4dtpKnlXk,Machine Learning Course Concept II Telugu II Machine Learning Objective II What is Machine Learning,machine learning
IqT551LjKHw,Understand ANY Machine Learning Model,machine learning
p_tpQSY1aTs,Live- Implementation of End To End Kaggle Machine Learning Project With Deployment,machine learning
307tOU8ZZGA,Splunk Machine Learning Toolkit Overview,machine learning
tVQZvJwi-ec,Mathematics for Machine Learning: Linear Algebra || Linear Algebra for Machine Learning,machine learning
AdBKfuYbqu4,Top 10 Books for Machine Learning in 2021 | Best ML Books for Beginners And Advanced | Edureka,machine learning
VqKq78PVO9g,"Machine Learning Tutorial Python - 17: L1 and L2 Regularization | Lasso, Ridge Regression",machine learning
4LTmI9nGWCM,Afreen Begem Machine Learning Intern,machine learning
nJKxWbQ1jaw,Machine Learning Python | Machine Learning Algorithms | Python Tutorial | Edureka,machine learning
pM9u9xcM_cs,Music and Machine Learning (Google I/O&#39;19),machine learning
7R52wiUgxZI,DeepMind x UCL | Deep Learning Lectures | 1/12 | Intro to Machine Learning &amp; AI,machine learning
jBlTQjcKuaY,Python for Bioinformatics - Drug Discovery Using Machine Learning and Data Analysis,machine learning
l7rDeN2nbfk,AI vs MACHINE LEARNING vs DEEP LEARNING,machine learning
kmXPA3xyxiQ,Sharing My Time Table And Efficient Strategy To Learn Machine Learning In Quick Time,machine learning
qKkjCQlS1g4,What&#39;s new in Machine Learning | Keynote,machine learning
XIrOM9oP3pA,Python Artificial Intelligence Tutorial - AI Full Course for Beginners in 9 Hours [2021],machine learning
TnUYcTuZJpM,Google&#39;s Deep Mind Explained! - Self Learning A.I.,machine learning
kE5QZ8G_78c,Supervised and Unsupervised Learning In Machine Learning | Machine Learning Tutorial | Simplilearn,machine learning
7x2YZhEj9Dw,Deep Learning Tutorial with Python | Machine Learning with Neural Networks [Top Udemy Instructor],machine learning
OIucMBala0A,Machine Learning With R Full Course | Machine Learning Course For Beginners | Simplilearn,machine learning
zNhTOPQeRaU,Machine Learning Tutorial | Learn Machine Learning | Intellipaat,machine learning
OIucMBala0A,Machine Learning With R Full Course | Machine Learning Course For Beginners | Simplilearn,machine learning
kmXPA3xyxiQ,Sharing My Time Table And Efficient Strategy To Learn Machine Learning In Quick Time,machine learning
nTt_ajul8NY,Autoencoders Tutorial | Autoencoders In Deep Learning | Tensorflow Training | Edureka,machine learning
6u1aqvTk3Y8,Should You Get A Master&#39;s In Machine Learning? Advantages and Disadvantages.,machine learning
7R52wiUgxZI,DeepMind x UCL | Deep Learning Lectures | 1/12 | Intro to Machine Learning &amp; AI,machine learning
0oyCUWLL_fU,Practical Deep Learning for Coders - Full Course from fast.ai and Jeremy Howard,machine learning
IqT551LjKHw,Understand ANY Machine Learning Model,machine learning
VqKq78PVO9g,"Machine Learning Tutorial Python - 17: L1 and L2 Regularization | Lasso, Ridge Regression",machine learning
05wUrb5Ej8Q,French-German Machine Learning Symposium: Day 1/2,machine learning
7x2YZhEj9Dw,Deep Learning Tutorial with Python | Machine Learning with Neural Networks [Top Udemy Instructor],machine learning
sw3o0rAazMg,Machine Learning Projects You NEVER Knew Existed,machine learning
jBlTQjcKuaY,Python for Bioinformatics - Drug Discovery Using Machine Learning and Data Analysis,machine learning
OQQ-W_63UgQ,Lecture 1 | Natural Language Processing with Deep Learning,machine learning
0y_XP65_6o4,Things I Wish I Knew When I Started Getting Into Machine Learning | #Shorts,machine learning
TnUYcTuZJpM,Google&#39;s Deep Mind Explained! - Self Learning A.I.,machine learning
UgUMk5DiGX8,[‡∏†‡∏≤‡∏©‡∏≤‡πÑ‡∏ó‡∏¢] Introduction to Machine Learning by Dr.Arm NECTEC,machine learning
8stueNPVl-I,Calculus for Beginners full course | Calculus for Machine learning,machine learning
iAbhu1DN1n0,Best Laptop Configuration For Learning Machine Learning and Deep Learning,machine learning
nJKxWbQ1jaw,Machine Learning Python | Machine Learning Algorithms | Python Tutorial | Edureka,machine learning
BqzgUnrNhFM,Machine Learning-Bias And Variance In Depth Intuition| Overfitting Underfitting,machine learning
PqDwddEHswU,"Why Choose Deep Learning? | Deep Learning for Engineers, Part 1",machine learning
FbxTVRfQFuI,What is Deep Learning? | Introduction to Deep Learning | Deep Learning Tutorial | Simplilearn,machine learning
qPIaYD96sXU,Step By Step Process To Learn Machine Learning Algorithm Efficiently,machine learning
k9V3DapHEDA,Machine Learning Algorithms Full Course | Machine Learning Algorithms Explained | Simplilearn,machine learning
JRBUMuKumG0,"Artificial Intelligence in Hindi | Free Course by Google | Machine Learning | Career, Scope",machine learning
ve-Tj7kUemg,Deep Learning Full Courseüî• - Learn Deep Learning in 6 Hours | Deep Learning Tutorial | Simplilearn,machine learning
AhE8RhPGH1A,Intro to Deep Learning (ML Tech Talks),machine learning
njKP3FqW3Sk,MIT 6.S191 (2020): Introduction to Deep Learning,machine learning
gmvvaobm7eQ,Machine Learning Tutorial Python -1: What is Machine Learning?,machine learning
JMUxmLyrhSk,Artificial Intelligence Full Course | Artificial Intelligence Tutorial for Beginners | Edureka,machine learning
Iuz_jc96bQk,O que √© Machine Learning? #HipstersPontoTube,machine learning
UQAKwWUYnuI,House Price Prediction using ML | Machine Learning Projects 2 | Machine Learning Training | Edureka,machine learning
CC8V9cN9TuU,Machine Learning Road Map | Machine Learning Careers | Machine Learning Training | Edureka,machine learning
cfSDvPlFFVQ,Machine Learning In 2 Minutes | What Is Machine Learning? | Machine Learning Basics | Simplilearn,machine learning
tdFMIO5lfgA,Fake News Detection using Machine Learning | Natural Language Processing | Great Learning,machine learning
GIsg-ZUy0MY,PyTorch for Deep Learning - Full Course / Tutorial,machine learning
_Hi6_JQesSQ,COVID - 19 Outbreak Prediction using Machine Learning | Machine Learning Training | Edureka,machine learning
KnxWoL9wk4c,Machine Learning with Python || Machine Learning for Beginners,machine learning
0D-PCtUJInE,Machine Learning with Python Full Course in 6 Hours | Python for Machine Learning Tutorial | Edureka,machine learning
wR59l579MZI,Python Machine Learning - Class 1 | Introduction To Machine Learning With Python | Edureka,machine learning
iLYUGe-nLyw,Service and network assurance with machine learning,machine learning
IoZGSQ07e8g,Machine Learning Full Course in Hindi | Learn Machine Learning in 5 Hours | Great Learning,machine learning
jyd4uH5dWJ8,Should I study Machine Learning? Is it required for Placements?,machine learning
17tGxiPatPg,Machine learning For Beginners in Hindi,machine learning
JAB_plj2rbA,CS224W: Machine Learning with Graphs | 2021 | Lecture 1.1 - Why Graphs,machine learning
H9yACitf-KM,Support Vector Machine (SVM) Basic Intuition- Part 1| Machine Learning,machine learning
6Hm1pNqQxq0,Machine Learning Vs Artificial Intelligence? Same or Different?,machine learning
3gfhbXt9TcQ,Discussing All The Types Of Feature Transformation In Machine Learning,machine learning
uTCQ8rAdPGE,What&#39;s new in Android Machine Learning | Session,machine learning
GhTREKMYp34,Artificial Intelligence Course | Learn Machine Learning and Artificial Intelligence | Intellipaat,machine learning
vKikt2d9PE0,Webinar - Hacking AI: Security &amp; Privacy of Machine Learning Models,machine learning
EjbHXMzeX4c,Machine Learning for Kids,machine learning
Yy1fAw6IX5E,ÿ≥ŸÑÿ≥ŸÑÿ© ŸÖŸÅÿßŸáŸäŸÖ #1 - What is Machine learning  ŸÖÿß ŸáŸà ÿ™ÿπŸÑŸäŸÖ ÿßŸÑÿ¢ŸÑŸá ÿ¥ÿ±ÿ≠  -,machine learning
IMrwjn9rwQc,ÿßŸÑŸÅÿ±ŸÇ ÿ®ŸäŸÜ Data science vs Artificial Intelligence vs Machine Learning vs Deep Learning,machine learning
tIeHLnjs5U8,"Backpropagation calculus | Chapter 4, Deep learning",machine learning
ccZ2pyr3YDw,"Qual a diferen√ßa entre Intelig√™ncia Artificial, Machine Learning, Data Science, Deep Learning, etc?",machine learning
ZgXSXU8lRgU,Introduction to Machine Learning | 365 Data Science Online Course,machine learning
N0aFuCHUXpo,AWS Machine Learning Solves Unique Problems,machine learning
_Z9TRANg4c0,Machine Learning Foundations: Ep #1 - What is ML?,machine learning
OGxgnH8y2NM,Practical Machine Learning Tutorial with Python Intro p.1,machine learning
wYyAgqx2eSQ,5 pasos para APRENDER MACHINE LEARNING desde cero,machine learning
qPIaYD96sXU,Step By Step Process To Learn Machine Learning Algorithm Efficiently,machine learning
tvkX5e0Tu4M,"2021 College Football Machine Learning Model - Week 3 Picks/Preview (Penn State-Auburn, Alabama-UF)",machine learning
dafuAz_CV7Q,What is Deep Learning | Deep Learning Simplified | Deep Learning Tutorial | Edureka,machine learning
s0dMTAQM4cw,Artificial intelligence and algorithms: pros and cons | DW Documentary (AI documentary),machine learning
wTbrk0suwbg,"Artificial Intelligence &amp; the Future - Rise of AI (Elon Musk, Bill Gates, Sundar Pichai)|Simplilearn",machine learning
17tGxiPatPg,Machine learning For Beginners in Hindi,machine learning
3F3FK_gyTPk,Kaggle&#39;s New Machine Learning Course! Sign up Now,machine learning
GAYR31ma51Q,"üò°The Truth of Data Scientist, Machine Learning Job, Future | Coaching Classes Making Money from You.",machine learning
GUqeBzeMBaM,Machine Learning Salary in India  | upGrad,machine learning
Oc_QMQ4QHcw,Tania‚Äôs Story: Morse code meets machine learning,machine learning
l82PxsKHxYc,Barack Obama: Intro to Deep Learning | MIT 6.S191,machine learning
6iVUKYgOihQ,DIFERENCIA ENTRE INTELIGENCIA ARTIFICIAL - MACHINE LEARNING - DEEP LEARNING,machine learning
HyQVy77-gpE,Machine Learning‡Æé‡Æ©‡Øç‡Æ±‡Ææ‡Æ≤‡Øç ‡Æé‡Æ©‡Øç‡Æ©?| What Is Machine Learning in Tamil ?| Introduction to Machine Learning,machine learning
P1IcaBn3ej0,Enhancing Photorealism Enhancement,machine learning
3cSjsTKtN9M,Introduction to Deep Learning: What Is Deep Learning?,machine learning
revk5r5vqxA,FPS Games Are About to Die,machine learning
iIkJrwVUl1c,Project 1: End To End Python ML Project (Complete)| Machine Learning Tutorials Using Python In Hindi,machine learning
Tbvrg9Cqq9Y,What is Machine Learning and how to Learn it | Future scope and Best resources!,machine learning
_ZjIv2D6T40,[L√¢Ã£p triÃÄnh Machine learning c∆° b·∫£n] - B√†i 1: Gi∆°ÃÅi thi√™Ã£u Machine learning | HowKteam,machine learning
L2cAjgc1-bo,Handwritten Digit Recognition on MNIST dataset | Machine Learning Projects 5 | ML Training | Edureka,machine learning
q-nvbuc59Po,How to convert PDFs to audiobooks with machine learning,machine learning
Y4qO9unerGs,Introduction To Machine Learning ll Machine Learning Course Explained With RealLife Examples (Hindi),machine learning
LcXOMKE7d7A,"Introducci√≥n a Machine Learning (ML Zero to Hero, parte 1)",machine learning
i0Vt7l3XrIU,Kart Racing Game with Machine Learning in Unity! (Tutorial),machine learning
thZ1MSumZX0,Machine Learning Bangla Tutorial - Introduction (‡¶Æ‡ßá‡¶∂‡¶ø‡¶® ‡¶≤‡¶æ‡¶∞‡ßç‡¶®‡¶ø‡¶Ç),machine learning
3xYclKkBvUQ,ISRO Launched Machine Learning Deep Learning Free Course With Certificate | IIRS ISRO Certification,machine learning
LQBIYfu-fg0,Invent your breakthrough in Artificial Intelligence and Machine Learning with IBM,machine learning
ZZs4R-5u4g4,Machine Learning: A Whale Tale - The Big Idea,machine learning
vqgucRK5K1A,SKLearn 01 | Pengenalan Machine Learning | Apa itu Machine Learning | Belajar Machine Learning Dasar,machine learning
m0OEHRA1Kfs,Writing Machine Learning Pipelines And Deep Learning Code Using Github Copilot ‚≠ê‚≠ê‚≠ê‚≠ê‚≠ê‚≠ê,machine learning
8_9v3_iiUHs,¬øQu√© es machine learning?,machine learning
7jVKwYQdKww,"Introduction to Artificial Intelligence, Machine Learning, Deep Learning in Telugu | Vamsi Bhavani",machine learning
GezuNFfmjj0,Machine Learning with Python: Day - 5,machine learning
u4gGhL4AuEY,Learning TensorFlow: the Hello World of Machine Learning [GSP637] | Qwiklabs | Google Cloud Platform,machine learning
ULdiomG43Zs,Future Seminar featuring ST Microelectronics: Practical Machine Learning &amp; AI,machine learning
amt9ZmGofJk,Plant Leaf Disease Detection GUI | Machine Learning Projects 1 | Machine Learning Training | Edureka,machine learning
XUFLq6dKQok,FORMATION DEEP LEARNING COMPLETE (2021),machine learning
-ETQ97mXXF0,Data Science Full Course - Learn Data Science in 10 Hours | Data Science For Beginners | Edureka,machine learning
X_ZUyvAA9Qw,Cos&#39;√® il Machine Learning (Reti Neurali e A.I.),machine learning
XdJAF_InNGA,Getting started with Machine Learning using Python and Scikit-Learn,machine learning
4OZip0cgOho,How I Would Learn Data Science (If I Had to Start Over),machine learning
vpm8T-JhOjo,Introduction to Machine Learning | Artificial Neurons | Malayalam.,machine learning
H6Zpk5lL_1s,what is Machine Learning in telugu,machine learning
9wr4KUvjREs,Machine Learning Data science interview questions - What is Bias and variance trade off?,machine learning
_ZjIv2D6T40,[L√¢Ã£p triÃÄnh Machine learning c∆° b·∫£n] - B√†i 1: Gi∆°ÃÅi thi√™Ã£u Machine learning | HowKteam,machine learning
pLhPQynL0tY,Lecture 20 - RL Debugging and Diagnostics | Stanford CS229: Machine Learning (Autumn 2018),machine learning
Vfo5le26IhY,Statistics for Data Science | Probability and Statistics | Statistics Tutorial | Ph.D. (Stanford),machine learning
uOVhmOzX4VE,Machine Learning Course | Learn Machine Learning | Machine Learning Tutorial | Intellipaat,machine learning
QDh1vq9tVsY,The Netacea Approach | Smarter Bot Management Powered by Machine Learning,machine learning
TPj5Op6l30c,Machine Learning Algorithms | Machine Learning Tutorial for Beginners | Great Learning,machine learning
X_ZUyvAA9Qw,Cos&#39;√® il Machine Learning (Reti Neurali e A.I.),machine learning
UqHsiClVSuY,Balloon Machine - Learning Numbers for Babies and Toddlers | TuTiTu Preschool,machine learning
5gNX2T_NEl0,Machine Learning: What is Classification?,machine learning
XUFLq6dKQok,FORMATION DEEP LEARNING COMPLETE (2021),machine learning
ad79nYk2keg,Artificial Intelligence In 5 Minutes | What Is Artificial Intelligence? | AI Explained | Simplilearn,machine learning
ijlWOuBV9HA,"Let&#39;s learn to code together for free on Discord (Python, Machine Learning Data Science)",machine learning
JyGGMyR3x5I,Machine Learning: Tutorial pr√°tico usando apenas o navegador (√© sensacional!!!),machine learning
R52sBUnHhEo,QU√â ES EL MACHINE LEARNING Y C√ìMO FUNCIONA,machine learning
u4gGhL4AuEY,Learning TensorFlow: the Hello World of Machine Learning [GSP637] | Qwiklabs | Google Cloud Platform,machine learning
qvoEu11LUZY,AutoML ‚Äì Automated Machine Learning: Free online course on the AI Campus,machine learning
taA3r7378gU,Machine Learning course- Shai Ben-David: Lecture 8,machine learning
4b53XiQ-r2k,Machine Learning Community Standup - Machine Learning for Photography,machine learning
9aMDsCB_gfk,TUTORIAL: Tu primer modelo de Machine Learning  en espa√±ol | Regresion Lineal con python,machine learning
ejkRh9obVjk,Image Classification using CNN | Deep Learning Tutorial | Machine Learning Project 9 | Edureka,machine learning
g_qstKogPYw,Why Flux? The Elegant Julia Machine Learning Library,machine learning
MeMMuTLiUyk,Support Vector Machine - Machine Learning,machine learning
0-xoKIeMsSY,Success Story of Gokul:From Testing(5+ Yrs of exp) to Machine Learning Engineer in Testing @ ZeOmega,machine learning
oV74Najm6Nc,What Is Artificial Intelligence? | Artificial Intelligence (AI) In 10 Minutes | Edureka,machine learning
kUF5hPfQWaQ,‡∏™‡∏≠‡∏ô Python &amp; Machine Learning ‡πÄ‡∏ö‡∏∑‡πâ‡∏≠‡∏á‡∏ï‡πâ‡∏ô 12 ‡∏ä‡∏±‡πà‡∏ß‡πÇ‡∏°‡∏á‡πÄ‡∏ï‡πá‡∏° [Full Course],machine learning
sdzj2juGaeI,DDS Online Training ‚Äì Machine Learning Workshop Day 1,machine learning
MEEWqrJEtTg,Applied Machine Learning 2019 - Lecture 04 - Introduction to supervised learning,machine learning
oKHOSqQw9ro,"Si quiero dedicarme al Machine Learning, ¬øqu√© cursos debo hacer y en qu√© orden?",machine learning
49dEffKP3vY,Machine Learning with Scikit-Learn - Part 5 - KNN 1,machine learning
Nz6iJQZli-k,ML-04 Machine Learning Model Creation in Tamil,machine learning
_VFR6EpFMnE,Machine Learning In Mechanical Engineering | Machine learning use cases in manufacturing,machine learning
MDrYXO9_KmI,What is machine learning?,machine learning
LNqcYEGluKE,RDNA 3 Machine Learning GPU Chiplet | Xbox Series S Holding Back Next Gen,machine learning
tFjeUtFay_Q,Embedding ML In Flask(Machine Learning Web Apps -Spam Detector),machine learning
v1oHf1KV6kM,"Quantization in deep learning | Deep Learning Tutorial 49 (Tensorflow, Keras &amp; Python)",machine learning
SfOoRsUj9kQ,Intelligence Artificielle VS Machine Learning VS Deep Learning - Les diff√©rences entre ces termes,machine learning
csG_qfOTvxw,How To Learn Data Science Smartly?,machine learning
Ip1a2JHdt3E,K√ºnstliche Intelligenz vs. Machine Learning vs. Deep Learning | #KI,machine learning
37sFIak42Sc,Machine Learning 1: Lesson 10,machine learning
lNulXGizZxo,Artificial Intelligence And Deep Learning Full Course | Artificial Intelligence Course | Simplilearn,machine learning
HHqlEnoGk54,INTRODUCCI√ìN A MACHINE LEARNING | #1 Curso de Introducci√≥n a Machine Learning,machine learning
SJ6_AaD9Udo,Keynote Conversation: Machine Learning and HR,machine learning
t5z5lyrb-7s,"Introdu√ß√£o ao Machine Learning (ML de Zero a 100, parte 1)",machine learning
-pve3oIvxa8,1 Introduction to Machine Learning (MLVU2019),machine learning
xC-c7E5PK0Y,What REALLY is Data Science? Told by a Data Scientist,machine learning
uBorfxosVYs,Melanie Warrick: How to Get Started with Machine Learning - PyCon 2014,machine learning
eqaskloXzgY,Machine Learning em Python: por onde come√ßar?,machine learning
rSkDNZeUpsg,PyWaw #64 - Praktyczny wstƒôp do Machine Learning,machine learning
bWYaEoEQ8RQ,Top 10 Machine Learning Algorithms For Data Scientists,machine learning
w4wGk9Tt07Q,ONPASSIVE Latest Public Webinar | Artificial Intelligence | Machine Learning (ML) #ONPASSIVE,machine learning
sqs8DxGhwM8,COMMENT FONCTIONNE LE MACHINE LEARNING ?,machine learning
aXLVJO7f21c,BELAJAR MACHINE LEARNING MULAI DARIMANA?,machine learning
85WdsZlKoIA,Apa sih Machine Learning Engineer itu?,machine learning
-G5-kHF57OU,Apa itu Machine Learning? Inilah cara mudah memahami Machine Learning,machine learning
iEGE0nxPnnA,Machine Learning: Le Basi (Intelligenza Artificiale) - Gianluca Mauro,machine learning
OAViGRIxOb4,HeatWave in Depth: Machine Learning-based Automation ‚Äì MySQL AutoPilot,machine learning
zRHiMekNdOI,"Œ†œâœÇ ŒΩŒ± ŒûŒµŒ∫ŒπŒΩŒÆœÉœâ ŒºŒµ Machine Learning, NerdCast",machine learning
lA5MHygnFcg,‡πÄ‡∏£‡∏¥‡πà‡∏°‡πÄ‡∏Ç‡∏µ‡∏¢‡∏ô Machine Learning ‡πÉ‡∏ô 5 ‡∏ô‡∏≤‡∏ó‡∏µ | Python x Scikit-learn:,machine learning
QrrJ21UlTmI,AI Tutorial For Beginners | AI Training | Edureka | Deep Learning Rewind - 3,machine learning
-vmV4qA0ztQ,Talks S2E6 (Louise Ferbach): Deep Learning For Survival Analysis,machine learning
M_59TMnSHuo,20+ Machine Learning and Data Science Questions Answered,machine learning
1btEQ9CmCvA,Machine Learning with Zeek and Tensorflow (Part 2): Processing the Data,machine learning
5MQxXuuIFxA,"KhaÃÅc nhau giuÃõÃÉa triÃÅ tueÃ£ÃÇ nhaÃÇn taÃ£o (AI), Machine Learning v√† Deep Learning |Tri th·ª©c nh√¢n lo·∫°i",machine learning
pVc0rEgdM3M,Keras Tutorial For Beginners | Deep Learning Models Using Keras | Edureka | Deep Learning Rewind - 5,machine learning
LJqviaEhZM4,CINE TALKS | Machine Learning As a New Tool in Chemical Sciences,machine learning
19Vy5Yi6fNI,"Deep Learning: History, Motivation, and Evolution of Deep Learning",machine learning
DsTK-2OpYL0,Is Andrew Ng&#39;s Neural Networks and Deep Learning Course Worth It?,machine learning
d99Cah2rzmc,CrowBox with Machine Learning: First test!,machine learning
jiAibG1nLtQ,LIVE SESSION ON WORKING WITH MACHINE LEARNING,machine learning
fNwetqDKVvI,HCIA AI V3 0 Ch 2  Machine Learning Overview,machine learning
V9xPDHNcb-4,Personalized Machine Learning,machine learning
HVGRpuLD5zM,"Machine Learning on Graphs with PyTorch Geometric, NVIDIA Triton, and ArangoDB",machine learning
n1w9KDvJLOQ,Recurrent Neural Networks RNN | Tensorflow Tutorial | Edureka | Deep Learning Rewind - 4,machine learning
xGRto545kZ8,machine learning free courses | ml free course 2021 | ml courses for all level | Udemy | simplify me,machine learning
fGiDexzWwFg,Spam classifier from the scratch for chat application | projects on machine learning part 3,machine learning
egPljlvh4iQ,"Machine Learning For Investing : The Good, The Bad &amp; The Ugly : Professor Matthew Dixon",machine learning
s3Epe3ox72s,Machine Learning Community Standup - Deep Learning with TorchSharp,machine learning
EHkbIo9qGH4,LIVE SESSION ON WORKING WITH MACHINE LEARNING,machine learning
yxMV_SK7z6s,What is UnSupervised Machine Learning? | UnSupervised Learning in Machine Learning for Data Science,machine learning
Mj0kX3bCXyI,Navis about Artificial Intelligence and Machine Learning in rail freight,machine learning
wEPjmdsUgyE,AI And Machine Learning Full Course | Become AI Expert | Become Machine Learning Expert |Simplilearn,machine learning
HcSHLnXGJxo,Machine Learning Model Deployment: Flask,machine learning
ZvHS8pKGKrk,How to Be Fair in Machine Learning by Keshan Sodimana,machine learning
5_B_4pnAhVU,Machine Learning Assignment || Stanford University || Coursera || MATLAB || Assignment-1,machine learning
raovU5HzVlc,Lecture 2 | How Machine learning works,machine learning
o4YPo47UVfw,Can Machines think? Introduction to Machine Learning by Owais Raza,machine learning
hbdEMJ4ui14,Introduction to Machine Learning | Ankush Garg (President @ BreadBoard Coding Society),machine learning
tidkr28xaZ0,Improve your Machine Learning Models without overfitting. Data Augmentation Introduced.,machine learning
LhveUwahWqQ,End-To-End Machine Learning Project w/ Streamlit - It Only Takes 30 Minutes!,machine learning
Pz_vsk90Vjc,Expanding Access to WWII Japanese American Incarceree Data Using Machine Learning,machine learning
aokNegqOCI4,All Around Azure A Developer&#39;s Guide to AI Start Building Machine Learning Models Faster than You Th,machine learning
B1hPecrDtQ4,Machine Learning In All,machine learning
CPrwV0mxkZQ,Lec-28_Association Rule | Apriori | Machine Learning | Computer Engineering,machine learning
YhqiBb9VGZU,Machine Learning,machine learning
Bhc3Kn1IkI4,Learn Live - Introduction to machine learning (Episode 1),machine learning
lvRU99b_aOU,"Machine Learning, aplicaciones en la ingenier√≠a de minas.",machine learning
_2CV8JuhYcY,Machine Learning with Ivy | Youthopeian Envirothon,machine learning
MDBpBE3B-b8,Linear Regression in ML Complete Tutorial 2021 | Your Guide to Machine Learning | Scaler Academy,machine learning
sev03wHcsak,NalaTalk #5: De-mystifying Machine Learning in Healthcare ft. Yash Sonthalia,machine learning
wdRi0q5wjzU,#SudhaLive Episode #16 #AI Opportunities with #Machine Learning #AIEthics,machine learning
Dd_fhb0Y80k,[ai.x2021] Machine Learning Service From prediction to an API response,machine learning
_MLKeCWaJIc,Exploratory Data Analysis in Machine Learning | Machine Learning Tutorial | Machine Learning PART 2,machine learning
kDO-Pp7x39U,Machine Learning 1: C++ Laboratory - Beginner,machine learning
ecUoiaUchF4,Machine Learning Lecture 4.4 : Overfitting and Underfitting in Decision Trees,machine learning
-nHwEscZ_ys,Machine Learning Tutorial||Example-1||Malayalam||Linear regression,machine learning
npIJk_Z-tn8,Machine Learning Principles #1| What is an Epoch ? | Machine Learning in Sinhala,machine learning
rsIwjmGCIBU,Deep Reasoning Networks: Combining deep learning with reasoning for discovery,machine learning
TV5jhiPpqX8,Scaling up deep learning to identify earthwork sites in Te Tai Tokerau | Jones &amp; Bickler | CAAA2021,machine learning
DQFerxe6o5g,Deep learning project end to end | Potato Disease Classification - 6 : ImageDataGenerator API,machine learning
4N-rolHN72o,Navis about Artificial Intelligence and Machine Learning in rail freight,machine learning
fMzaRptc1AA,Regularisation in machine learning || Quickly Explained,machine learning
vHpIQxM98Uk,Chapter1 Azure Machine Learning Introduction,machine learning
zZ6CxxepGsM,NIT Warangal Online Course on Artificial Intelligence &amp; Machine Learning | Get Certificate from NITW,machine learning
4Ssm-pUeRMU,The Sparks Foundation - DS&amp;BA TASK 2 - Prediction using Unsupervised Machine Learning #GRIPSEPT21,machine learning
L_VcZRZPb3s,What is Machine Learning | Anjan Maurya,machine learning
OPdVeOYktC0,"Regression Machine Learning Model using scikit-learn, numpy and pandas",machine learning
Pz41qERxrVc,machine learning-class 1,machine learning
cob83Za49EI,"Artificial Intelligence &amp; Machine Learning, AIML | ARMIET",machine learning
4yRSaYRTC5I,Webinar Machine Learning on Auditing: Current and Future,machine learning
lfJr6glla0M,"Top 5 technologies you must know: Artificial Intelligence, Machine Learning, Big Data, VR, IoT",machine learning
qbu1gy0gcSM,A Machine Learning Approach to Service Discovery for Microservice Architectures,machine learning
n2ozq2cMDAU,How machine learning influence blockchain || Tech News ||  Techiexpert.com,machine learning
dU_u8ORN3Jg,CAII HAL Training: Hands-On Deep Learning for Computer Vision (Asad Khan),machine learning
xyNDBP31fME,Benkyou Kai: Machine Learning,machine learning
nHL958JcvRs,Applicability of Machine Learning Architectural Patterns in Vehicle Architecture: A Case Study,machine learning
4mGf0peRZNU,Python XVI - Deep Learning with Python,machine learning
QO80JllyFUw,Missing Values Imputation - Mean Median Mode Implementation | Data Cleaning | Machine Learning | AI,machine learning
VpmEfQMcC2o,Intro to Machine Learning - XSEDE HPC Workshop Series - Big Data and Machine Learning - Video 3,machine learning
36vPvpxCMkw,Machine Learning Lecture 4.5: Decision Tree Optimization by Pre-Pruning and Post-Pruning | with Code,machine learning
IYqGwNbX8N0,RISIG 2021 : Machine Learning uses cases using IPSDK,machine learning
_s2iO1PlsCo,Introduction to Machine Learning IITKGP Week 8  Assignment Quiz Solution || NPTEL Solution,machine learning
cGxv8tOaA7I,Introdu√ß√£o ao PyTorch | Redes Neurais | Primeiros passos com Pytorch | Deep Learning,machine learning
F0BL1LxjOSA,Executive Certificate Program in Machine Learning for Managers - IIM Raipur,machine learning
fEXqa8x82bs,A Two days Workshop on Machine Learning  Using Python,machine learning
5pdx1OV9Yv0,Day-1 workshop on Machine learning Using Python,machine learning
hgtbcHwjt-8,Introduction to Machine Learning - IITKGP | NPTEL | Week 8 | Assignment 8 Solution | July2021,machine learning
0EXspak5GBk,IL COMPUTER CHE IMPARA COME UN ESSERE UMANO - MACHINE LEARNING E RETI NEURALI,machine learning
Y3usyo5za0o,"Deep Learning in Remote Sensing: Good Practices and Solutions for Complex Data, S√©bastien Lef√®vre",machine learning
nEX_rQIEaNo,A  Two days workshop on Machine Learning -Day-02,machine learning
0GqLb3MFMrY,üî¥üî¥ Car cartoons for kids &amp; Street vehicles for kids - Leo the Truck and cars for kids LIVE.,machine learning
awXn-EHhC_w,Dances with Wolves,machine learning
V2NVH0iSTuk,The Arrival,machine learning
raovU5HzVlc,Lecture 2 | How Machine learning works,machine learning
B1hPecrDtQ4,Machine Learning In All,machine learning
GXvsDcYgmqo,Lecture 1 | What is machine learning| Internshala Training,machine learning
8NbNDw2_pMM,TASK 1 Prediction using supervised machine learning,machine learning
